<customapi uniquename="pgc_PowerFxEvaluate">
  <allowedcustomprocessingsteptype>0</allowedcustomprocessingsteptype>
  <bindingtype>0</bindingtype>
  <description default="Evaluate a Power Fx expression">
    <label description="Evaluate a Power Fx expression" languagecode="1033" />
  </description>
  <displayname default="Power Fx Evaluate">
    <label description="Power Fx Evaluate" languagecode="1033" />
  </displayname>
  <iscustomizable>1</iscustomizable>
  <isfunction>0</isfunction>
  <isprivate>0</isprivate>
  <name>PowerFxEvaluate</name>
  <plugintypeid>
    <plugintypeid>5c7a0979-683d-ed11-9db0-000d3addd3ca</plugintypeid>
  </plugintypeid>
  <workflowsdkstepenabled>0</workflowsdkstepenabled>
</customapi>