{
  "properties": {
    "connectionReferences": {
      "shared_commondataserviceforapps_1": {
        "runtimeSource": "embedded",
        "connection": {
          "connectionReferenceLogicalName": "pgc_sharedcommondataserviceforapps_8f08f"
        },
        "api": {
          "name": "shared_commondataserviceforapps"
        }
      }
    },
    "definition": {
      "$schema": "https://schema.management.azure.com/providers/Microsoft.Logic/schemas/2016-06-01/workflowdefinition.json#",
      "contentVersion": "1.0.0.0",
      "parameters": {
        "$connections": {
          "defaultValue": {},
          "type": "Object"
        },
        "$authentication": {
          "defaultValue": {},
          "type": "SecureObject"
        }
      },
      "triggers": {
        "manual": {
          "metadata": {
            "operationMetadataId": "a88c10ec-ad5d-4133-928c-898047765e96"
          },
          "type": "Request",
          "kind": "Button",
          "inputs": {
            "schema": {
              "type": "object",
              "properties": {},
              "required": []
            }
          }
        }
      },
      "actions": {
        "Calculate_Power_Fx": {
          "runAfter": {},
          "metadata": {
            "operationMetadataId": "5b1ea74e-1a62-46b5-903d-4b31dd317ad0"
          },
          "type": "OpenApiConnection",
          "inputs": {
            "host": {
              "connectionName": "shared_commondataserviceforapps_1",
              "operationId": "PerformUnboundAction",
              "apiId": "/providers/Microsoft.PowerApps/apis/shared_commondataserviceforapps"
            },
            "parameters": {
              "actionName": "pgc_PowerFxEvaluate",
              "item/Context": "{\n  \"FullName\": \"Cole, Phillip\" \n}",
              "item/Yaml": "names: = Split(FullName, \",\")\nReversedName: = Trim(Last(names).Result & \" \" & First(names).Result)",
              "item/JSONOnly": true
            },
            "authentication": {
              "type": "Raw",
              "value": "@json(decodeBase64(triggerOutputs().headers['X-MS-APIM-Tokens']))['$ConnectionKey']"
            }
          }
        },
        "Parse_JSON": {
          "runAfter": {
            "Calculate_Power_Fx": [
              "Succeeded"
            ]
          },
          "metadata": {
            "operationMetadataId": "38c8f63f-7e5b-4ef0-8b2a-812fe2776f60"
          },
          "type": "ParseJson",
          "inputs": {
            "content": "@outputs('Calculate_Power_Fx')?['body/JSON']",
            "schema": {
              "type": "object",
              "properties": {
                "names": {
                  "type": "array",
                  "items": {
                    "type": "string"
                  }
                },
                "ReversedName": {
                  "type": "string"
                }
              }
            }
          }
        }
      }
    }
  },
  "schemaVersion": "1.0.0.0"
}