<customapirequestparameter uniquename="JSONOnly">
  <description default="Only output JSON. Do not generate an expando style object in the 'Output' property.">
    <label description="Only output JSON. Do not generate an expando style object in the 'Output' property." languagecode="1033" />
  </description>
  <displayname default="PowerFxEvaluate-In-JSONOnly">
    <label description="PowerFxEvaluate-In-JSONOnly" languagecode="1033" />
  </displayname>
  <iscustomizable>0</iscustomizable>
  <isoptional>1</isoptional>
  <name>PowerFxEvaluate-In-JSONOnly</name>
  <type>0</type>
</customapirequestparameter>