<customapirequestparameter uniquename="Context">
  <description default="A JSON object that will provide the context variables for the Yaml expression">
    <label description="A JSON object that will provide the context variables for the Yaml expression" languagecode="1033" />
  </description>
  <displayname default="PowerFxEvaluate-In-Context">
    <label description="PowerFxEvaluate-In-Context" languagecode="1033" />
  </displayname>
  <iscustomizable>0</iscustomizable>
  <isoptional>1</isoptional>
  <name>PowerFxEvaluate-In-Context</name>
  <type>10</type>
</customapirequestparameter>