<customapi uniquename="pgc_PowerFxListFunctions">
  <allowedcustomprocessingsteptype>0</allowedcustomprocessingsteptype>
  <bindingtype>0</bindingtype>
  <description default="List the available functions exposed by the Power Fx library">
    <label description="List the available functions exposed by the Power Fx library" languagecode="1033" />
  </description>
  <displayname default="Power Fx List Functions">
    <label description="Power Fx List Functions" languagecode="1033" />
  </displayname>
  <iscustomizable>1</iscustomizable>
  <isfunction>0</isfunction>
  <isprivate>0</isprivate>
  <name>PowerFxListFunctions</name>
  <plugintypeid>
    <plugintypeid>5d7a0979-683d-ed11-9db0-000d3addd3ca</plugintypeid>
  </plugintypeid>
  <workflowsdkstepenabled>0</workflowsdkstepenabled>
</customapi>