<customapiresponseproperty uniquename="Output">
  <description default="An expando object containing the results of the Power Fx evaluation">
    <label description="An expando object containing the results of the Power Fx evaluation" languagecode="1033" />
  </description>
  <displayname default="PowerFxEvaluate-Out-Output">
    <label description="PowerFxEvaluate-Out-Output" languagecode="1033" />
  </displayname>
  <iscustomizable>0</iscustomizable>
  <name>PowerFxEvaluate-Out-Output</name>
  <type>3</type>
</customapiresponseproperty>