<ImportExportXml xmlns:xsi="http://www.w3.org/2001/XMLSchema-instance">
  <Entities></Entities>
  <Roles></Roles>
  <Workflows></Workflows>
  <FieldSecurityProfiles></FieldSecurityProfiles>
  <Templates />
  <EntityMaps />
  <EntityRelationships />
  <OrganizationSettings />
  <optionsets />
  <CustomControls />
  <SolutionPluginAssemblies>
    <PluginAssembly FullName="PowerFxCustomAPI, Version=1.0.0.0, Culture=neutral, PublicKeyToken=null" PluginAssemblyId="5b7a0979-683d-ed11-9db0-000d3addd3ca" CustomizationLevel="1">
      <IsolationMode>2</IsolationMode>
      <SourceType>4</SourceType>
      <IntroducedVersion>1.0.0.0</IntroducedVersion>
      <FileName>/PluginAssemblies/PowerFxCustomAPI-5B7A0979-683D-ED11-9DB0-000D3ADDD3CA/PowerFxCustomAPI.dll</FileName>
      <PluginTypes>
        <PluginType AssemblyQualifiedName="pgc.PowerFxCustomAPI.ListFunctions, PowerFxCustomAPI, Version=1.0.0.0, Culture=neutral, PublicKeyToken=null" PluginTypeId="5d7a0979-683d-ed11-9db0-000d3addd3ca" Name="pgc.PowerFxCustomAPI.ListFunctions">
          <FriendlyName>{77a195ef-5adb-4696-ac24-ef57d5f5bac5}</FriendlyName>
        </PluginType>
        <PluginType AssemblyQualifiedName="pgc.PowerFxCustomAPI.PowerFxEvaluate, PowerFxCustomAPI, Version=1.0.0.0, Culture=neutral, PublicKeyToken=null" PluginTypeId="5c7a0979-683d-ed11-9db0-000d3addd3ca" Name="pgc.PowerFxCustomAPI.PowerFxEvaluate">
          <FriendlyName>{77affd66-ef21-4377-9ef0-b513ae862784}</FriendlyName>
        </PluginType>
      </PluginTypes>
    </PluginAssembly>
  </SolutionPluginAssemblies>
  <EntityDataProviders />
  <Languages>
    <Language>1033</Language>
  </Languages>
</ImportExportXml>