{
  "properties": {
    "connectionReferences": {
      "shared_commondataserviceforapps": {
        "runtimeSource": "embedded",
        "connection": {
          "connectionReferenceLogicalName": "pgc_sharedcommondataserviceforapps_8f08f"
        },
        "api": {
          "name": "shared_commondataserviceforapps"
        }
      }
    },
    "definition": {
      "$schema": "https://schema.management.azure.com/providers/Microsoft.Logic/schemas/2016-06-01/workflowdefinition.json#",
      "contentVersion": "1.0.0.0",
      "parameters": {
        "$connections": {
          "defaultValue": {},
          "type": "Object"
        },
        "$authentication": {
          "defaultValue": {},
          "type": "SecureObject"
        }
      },
      "triggers": {
        "manual": {
          "metadata": {
            "operationMetadataId": "bca9bcc7-ef2a-49d2-b8a8-6dc15a4549ec"
          },
          "type": "Request",
          "kind": "Button",
          "inputs": {
            "schema": {
              "type": "object",
              "properties": {
                "number": {
                  "title": "Number",
                  "type": "number",
                  "x-ms-dynamically-added": true,
                  "description": "Please enter a number",
                  "x-ms-content-hint": "NUMBER"
                }
              },
              "required": [
                "number"
              ]
            }
          }
        }
      },
      "actions": {
        "Evaluate_Power_Fx": {
          "runAfter": {},
          "metadata": {
            "operationMetadataId": "f4b3ddb9-4de8-48dc-b67c-f1a84a7efa20"
          },
          "type": "OpenApiConnection",
          "inputs": {
            "host": {
              "connectionName": "shared_commondataserviceforapps",
              "operationId": "PerformUnboundAction",
              "apiId": "/providers/Microsoft.PowerApps/apis/shared_commondataserviceforapps"
            },
            "parameters": {
              "actionName": "pgc_PowerFxEvaluate",
              "item/Context": "{\n   \"enterednumber\": @{triggerBody()['number']},\n  \"a\": \"Hello\",\n  \"b\": \"World\",\n  \"c\": { \"Inner\": \"and Mars\" },\n  \"x\": 1,\n  \"y\": 2,\n  \"cities\": [\"London\", \"Paris\", \"New York\"],\n  \"actors\": [\n    { \"FirstName\": \"Polly\", \"LastName\": \"Sherman\", \"Role\": \"Waitress\" },\n    { \"FirstName\": \"Basil\", \"LastName\": \"Fawlty\", \"Role\": \"Proprietor\" },\n    { \"FirstName\": \"Manuel\", \"LastName\": \"Sherman\", \"Role\": \"Waiter\" },\n    { \"FirstName\": \"Sybil\", \"LastName\": \"Sherman\", \"Role\": \"Proprietor\" }\n  ]\n}   ",
              "item/Yaml": "NumberSquareRoot: =Sqrt(enterednumber)\njoined: = a & \" \" & b & \" \" & c.Inner\nMultipleCalcs:\n  - total: =x+y\n  - total: =total * 2 + 1\nCitiesJoined: = Concat(cities, Value & \",\")\nCities2: = cities\nAges: = [30, 36, 47]\nAverageAge: = Average(Ages, Value)\nAgeLessTen: =ForAll(Ages, Value -10)\nActorsByFirstName: =Sort(actors, FirstName)\nProprietors: =Concat(Filter(actors, Role = \"Proprietor\"), FirstName & \" and \")\nInstruments: |\n  = Table(\n    { Name: \"Voilin\", Type: \"String\" },\n    { Name: \"Cello\", Type: \"String\" },\n    { Name: \"Trumpet\", Type: \"Wind\" }\n  )\nInstrumentsJoined: =Concat(Instruments, Name & \", \")",
              "item/JSONOnly": false
            },
            "authentication": {
              "type": "Raw",
              "value": "@json(decodeBase64(triggerOutputs().headers['X-MS-APIM-Tokens']))['$ConnectionKey']"
            }
          }
        },
        "Power_Fx_Output_-_single_field": {
          "runAfter": {
            "Evaluate_Power_Fx": [
              "Succeeded"
            ]
          },
          "metadata": {
            "operationMetadataId": "07e7de9b-63de-45d2-ad9d-3429b81c1e35"
          },
          "type": "Compose",
          "inputs": "@outputs('Evaluate_Power_Fx')?['body/Output'].joined"
        },
        "Power_Fx_Output": {
          "runAfter": {
            "Power_Fx_Output_-_single_field": [
              "Succeeded"
            ]
          },
          "metadata": {
            "operationMetadataId": "6dd36264-4752-4ace-b7fc-f9bfa55728bb"
          },
          "type": "Compose",
          "inputs": "@outputs('Evaluate_Power_Fx')?['body/Output']"
        }
      }
    }
  },
  "schemaVersion": "1.0.0.0"
}