{
  "properties": {
    "connectionReferences": {
      "shared_commondataserviceforapps": {
        "runtimeSource": "embedded",
        "connection": {
          "connectionReferenceLogicalName": "pgc_sharedcommondataserviceforapps_8f08f"
        },
        "api": {
          "name": "shared_commondataserviceforapps"
        }
      }
    },
    "definition": {
      "$schema": "https://schema.management.azure.com/providers/Microsoft.Logic/schemas/2016-06-01/workflowdefinition.json#",
      "contentVersion": "1.0.0.0",
      "parameters": {
        "$connections": {
          "defaultValue": {},
          "type": "Object"
        },
        "$authentication": {
          "defaultValue": {},
          "type": "SecureObject"
        }
      },
      "triggers": {
        "manual": {
          "metadata": {
            "operationMetadataId": "01c80a93-4c2d-44dd-a82e-a0f0ff1c3509"
          },
          "type": "Request",
          "kind": "Button",
          "inputs": {
            "schema": {
              "type": "object",
              "properties": {},
              "required": []
            }
          }
        }
      },
      "actions": {
        "Evaluate_Power_Fx": {
          "runAfter": {},
          "metadata": {
            "operationMetadataId": "69f87f2b-5acf-4a92-a6fc-6d42efaa5bd0"
          },
          "type": "OpenApiConnection",
          "inputs": {
            "host": {
              "connectionName": "shared_commondataserviceforapps",
              "operationId": "PerformUnboundAction",
              "apiId": "/providers/Microsoft.PowerApps/apis/shared_commondataserviceforapps"
            },
            "parameters": {
              "actionName": "pgc_PowerFxEvaluate",
              "item/Context": "{\n  \"a\": \"Hello\",\n  \"b\": \"World\",\n  \"x\": 2,\n  \"y\": 3\n}",
              "item/Yaml": "c: =Concatenate(a, b)\nd: =Left(a, 2)\ntot: =x + y\nisabove4: |\n  = If(x + y > 4,\n    \"It's above four\",\n    \"It's below four\")  ",
              "item/JSONOnly": false
            },
            "authentication": {
              "type": "Raw",
              "value": "@json(decodeBase64(triggerOutputs().headers['X-MS-APIM-Tokens']))['$ConnectionKey']"
            }
          }
        }
      }
    }
  },
  "schemaVersion": "1.0.0.0"
}