<customapirequestparameter uniquename="Yaml">
  <description default="A list of Power Fx expressions in YAML format">
    <label description="A list of Power Fx expressions in YAML format" languagecode="1033" />
  </description>
  <displayname default="PowerFxEvaluate-In-Yaml">
    <label description="PowerFxEvaluate-In-Yaml" languagecode="1033" />
  </displayname>
  <iscustomizable>0</iscustomizable>
  <isoptional>0</isoptional>
  <name>PowerFxEvaluate-In-Yaml</name>
  <type>10</type>
</customapirequestparameter>